54_t4_31_1-10188-V,TGAAGTTTTTATACCACATTAAAACCTGTCTTTTTTACACACAGTATTATTA
54_t4_31_1-17572-E,GGTTGGTGGTTAGTACAACTGACCAAGGTCCCCCAGTGCCCA
54_t4_31_1-17551-E,CCGTCACCTAGTTTTAGTTTTTAATAATTAAGATGTCTCAGA
54_t4_31_1-17530-E,TTTGCATATAACTTATGCAGGAACTGCCAAACACTTCCACTT
54_t4_31_1-17509-E,TTTATTAAATCAGACCGTCACCTACACTTCCCATTATTTTAC
54_t4_31_2-10293-V,TTGGTTTTTTGGTGATGTCTCTTACTAATATTTTTTTCTTTAAGGGTATTAT
54_t4_31_2-9988-V,TGTGTTTTTTGGCAGGTATCTTCTCCCAATTTTTTTATCTGGTCATGTGCCCAGGTTTTTTTGGTGGTGATGCTGACC
54_t4_31_2-10023-E,CCATTATACTCAGAAAAATGATGTCAAGGTCT
54_t4_31_2-10328-E,TGGGGTCACCGGGAGCTCCTCCTGTCCAGATT
54_t4_31_2-10362-E,CTCTACACCAGTCTTGGCCATCTCCCCAGTGGCTGGGAGCTC
54_t4_31_2-10004-E,CAACCCTCAAAGCCATTCAGTCTTCTCTTGGTAAATTATTAG
54_t4_31_3-10162-E,GGGATAAACCAGAATGCACACTTTATAATATCAAGAAACTGG
54_t4_31_3-10141-E,ACTATATAGTCTAACTATATAGTATGTGATATTTATAAACTA
54_t4_31_3-10120-E,ATGCACACTTTGGGGGATAAACCTTTATAAAATGTGATAAGA
54_t4_31_3-10099-E,ACCTGTCTACAAGATACCACATTCAAGAAACTATAATATAAA
54_t4_31_4-9663-V,AAGGTTTTTTCCAAGATGTGACACAGTAGTTTTTTTAGCTGAAAAACTCTTT
54_t4_31_4-9358-V,ACTACTTTTTTCATATCATCGGTCAGTCTTGTTTTTGCCATCTCGCCAACTGACCAATTTTTGGTCGCAAGAACACTT
54_t4_31_4-9393-E,GGGTCTGTTCTTCCAGCCCAGCCTCTGCCAAA
54_t4_31_4-9698-E,GTTTTAGTTCCACTTATGCAGGAAGTGTCATG
54_t4_31_4-9732-E,CACCTACACTTTTTAATAATTAATAGTACAATCTCAGACCGT
54_t4_31_4-9374-E,CCAGATCATCATCTTGTTTTCACCTTCCAGTGATGTTCTTCT
54_t4_31_5-8928-V,GCAACTTTTTCCTCAACTCTGGGGTGTCTACTTTTTACCACCGAGGGGGGTCAGTCTTTTTTTGGCCATCTCAAGATG
54_t4_31_5-9532-E,AAAGCCATTCTTCCAGATTCCATTATATAAAGTTAGCTGAAA
54_t4_31_5-9511-E,GGCTCAGAAATCTTGGCTCAGAAAAATGATGAGTCTTCTCTT
54_t4_31_5-9490-E,AGATTCCATTGAAAAAAGCCATTCAGTCTTCAATGATGTTCC
54_t4_31_5-9469-E,TAGCAACCCTGTCTCCTCAGCGTAGTTAGCTATATAAATTAT
54_t4_31_6-9033-V,TATAATTTTTTATAAAACCTCAACTCTTTTGTTTTTTGTGGCAGGTAATGTG
54_t4_31_6-8728-V,GGTCCTTTTTTGCAAGGTCTCTAACTATATATTTTTGTATGTGATACAGATTCCATTTTTTTATATAAATTAATGGGG
54_t4_31_6-8763-E,CATCTGCTGGTCATAGTCTGAAATCTTTATAA
54_t4_31_6-9068-E,ACTAACTAAAACTGGGGGATAAACTTATCTTG
54_t4_31_6-9102-E,CAGCTGAGGGTATAGTATGTGATAAGAATGCTGTGAAGATAC
54_t4_31_6-8744-E,TACACCACCGCATCAATTCTCCCAATTATCTGCAGGGGTGTC
54_t4_31_7-8902-E,GGTATCTTGTATTTATCTTGCATCTGCTGCATTTGTGCTGAG
54_t4_31_7-8881-E,AGCTCTTCCAATTATCTGGTCATAGTCTGAATTTCACCCCTC
54_t4_31_7-8860-E,GTCATGGGGTCTCATATCATCAATTCTCCCAGCCCAGCCTGT
54_t4_31_7-8839-E,AGGTCCAGATTCCAGATCATCAATGTGACTACTGTGATGCTG
54_t4_31_8-8403-V,TCTGTTTTTTGATGTTCTTCCATCAATGTGATTTTTCTACTCATATAGGTGA
54_t4_31_8-8133-E,TAGAGAATTTAACTCTGTAATCCAGTTTTCAC
54_t4_31_8-8438-E,CTTCCAGTGTGTGGCAGGTATCTTGCTAGACT
54_t4_31_8-8472-E,CAACTCTTTTTCTTCCAGCCCAGCCTGTGTCTTAGCAACCCT
54_t4_31_8-8114-E,GGAACCCAAATTTTATTTCATAATTATAAACAAGGAAAATAT
54_t4_31_9-8193-V,CTTTTTTTTTGTTATTTATTGAATTGCAACATTTTTAGAGCACAAAATGTGTCAGGATTTTTTGAAGTTCTCGAAAGC
54_t4_31_9-8272-E,AAGGTCTTGGCCAGTGGTCAAAGAAGGTCTTTGAGGTCCTGC
54_t4_31_9-8251-E,GCCATCTCCCGCAGGAATACTTCTTTTCTCTGGTCAGTCTTG
54_t4_31_9-8230-E,TTGGTGGTGACCCTGGAATAATTCTGTGAAACAGTGCCCAGG
54_t4_31_9-8209-E,GTCACCTACAGTCACCACCCTGGCATAAAACTGTCTCAGACC
54_t4_31_10-17398-V,CCTCATTTTTGTGATGCTTCCTCAACTCTTTTTTTTTGTGTGGCAGTCTGAAATTTATTTTTTCTTGCATCTCCCAGG
54_t4_31_10-126-E,AAATTTCTTGTCAGGATGAAGTTCTTCTGAAG
54_t4_31_10-17433-E,AGTTAAGACAGTGAAGAAATCTTATCATCCTC
54_t4_31_10-17467-E,AAGTAGGCTAAACCACTATGGTACTTCCAGGACAAGCCAGAC
54_t4_31_10-107-E,GACTTGTGTCCTCTCCAGTGGTCAAAGTATGCCCCGTAGATG
54_t4_31_11-186-V,AGGAATTTTTTACTTCTTTTAGTACCACTATTTTTTGGCATATGAACTTCCA
54_t4_31_11-17213-E,CGCAGCCAACCCCATGGATCCCTTGCATATGA
54_t4_31_11-231-E,AGTCACCATGTCAGTACCACTATGAGCCCTTG
54_t4_31_11-202-E,ATAATTCTGTATCCTCAAAT
54_t4_31_11-265-E,GATGGACTTGCCCTGGCATAAAACCCCTGGATTCTCCCCGTA
54_t4_31_11-17194-E,ACAGTTTCTAGTATCTCCAAGCTTCACCTTGACTTCTTCTTG
54_t4_31_11-17184-E,ATGGTGTCCCAGCCACCCAT
54_t4_31_12-17372-E,CAGGGACTCCTTATATAAATTATTAGCAACCTTATCTTTATT
54_t4_31_12-17351-E,AGCTCCTACAAAAATGATGTTCCAGATTCCAAGATAATATTC
54_t4_31_12-17330-E,TGCAGCAAATTCAGTCTTCTCTTGGCTCAGAGCTCCCACAAA
54_t4_31_12-17309-E,TCCTTTTAATTAGTTAGCTGAAAAAAGCCATCCCCACTTGAA
54_t4_31_12-17299-E,AATGCACCAACTACACACAG
54_t4_31_13-11043-E,TCACCTTCCACTCCCAATTATCTGGTCATAGGTATCTTGTTT
54_t4_31_13-11022-E,CCAGCCTGTGTGACTACTCATATCGGAGCTCGTTCTTCCAGC
54_t4_31_13-11001-E,GTGATGTTCTTTCTTCTCCAGATCATCAATGTCATGGGGTCT
54_t4_31_13-10980-E,TCAATGTGACTGTGTCATGGGGTCTGTGATGTCTCCAGATCA
54_t4_31_13-10970-E,TACTCATATCCAGCCCAGCC
54_t4_31_14-10548-E,TATTAGCATGTTCCAGATTCCATTTGTGATGT
54_t4_31_14-9918-E,TCTTCTCCCCTGTGTCATGGGGTCATATAAAT
54_t4_31_14-9889-E,ATATCATCAATTGTTTTCAC
54_t4_31_14-9952-E,TCCAGCCCAGAGATCATCAATGTGACTACTCCTTCCAGTTCT
54_t4_31_14-10529-E,TTTTGTGTGGTCTCTTGGCTCAGAAAAATGAACCCTCAACTC
54_t4_31_14-10519-E,CAGGTATCTTCATTCAGTCT
54_t4_31_15-10618-V,TTAGCTTTTTTGAAAAAAGCGTTTTCACCTTTTTTTCCAGTTCTTCATCAATTCTCCTTTTTCAATTATCTGGGGGTC
54_t4_31_15-4929-V,TTTGCTTTTTCATGGACAAGGACTTGTGTCATTTTTGTACCACTATGCAGGAATACTTTTTTTCTTTTCTCTGAATAA
54_t4_31_15-4964-E,ATGATAGAAACCACTCAGGCCCAGAGAATGCA
54_t4_31_15-10653-E,CACTTTATTATATAGTATGTGATACTGTGCAG
54_t4_31_15-10687-E,ATAAACTAACAATATAAAACCTGTCTACACAGGAGCTCCTTT
54_t4_31_15-4945-E,GATGTTGGGTAAAACCACATGCTTGCCATCCCTGGAACTGTT
54_t4_31_16-5069-E,TTTCTGGAGCGATCTTCTTGTTGGAGGTGAGG
54_t4_31_16-9803-E,TCCTGCAAGGTGTCTACACCACCGTCTTGCCA
54_t4_31_16-9774-E,CATCTCCCCAAGTCTGAAAT
54_t4_31_16-9837-E,CTGCTGCAGGGGTCTTGGGGTCAGTCTTGGCTTATCTTGCAT
54_t4_31_16-5050-E,CTGTGCCTTCAGTTGTCCACAGTTAGCAATGCCCAAAGCACT
54_t4_31_16-5040-E,CAAGATATTCAATTTATTAG
54_t4_31_17-5184-E,AGGGATACGGACATTGCAAACAGACTGCAGGG
54_t4_31_17-9288-E,GTGTCTACATTTATCTTGCATCTGTGGGATGG
54_t4_31_17-9259-E,AAGGTCTTGGAATTCTCCCA
54_t4_31_17-9322-E,ATAGTCTGAAACCACCGACCTCAGCTCCTGCATTATCTGGTC
54_t4_31_17-5165-E,ACAGAAAGAACAACAAGAGCACAAAGATAATTCTCTTGAGCT
54_t4_31_17-5155-E,CAGTGTGGTGCAAAGAATTG
54_t4_31_18-5254-V,GGAAATTTTTATATGGAACCGCTAAGATAAATTTTTACACAAGCCACTTCTGTCTTTTTTTTACCTTGCCAATCAGAA
54_t4_31_18-7448-V,GTGTGTTTTTGTGGCTAAGAGAGCTCCGGTCTTTTTTTGCCATTTCCCAAAAAACCATTTTTCATGCTTGCCCAGGAC
54_t4_31_18-7483-E,ATGGAGGGTAATGGACATTGCAAAATTATAAA
54_t4_31_18-5289-E,CTTAACTCTATTTTTTATTTCATACAGATGGG
54_t4_31_18-5323-E,AGTTGTTATTTGTAATCCAGCTAGACTTAGACCAGTGGTCAA
54_t4_31_18-7464-E,AGCTACAGAAATTGCAACAAGAGCACAAAGAATACTCTCTTG
54_t4_31_19-7588-E,TAAACTTATATTTATTTTTTATTTACTTATGC
54_t4_31_19-9173-E,AGGAACTGCGTCACCTACACTTCCCATAATTA
54_t4_31_19-9144-E,ATTAATAGTATGAGGCCCAG
54_t4_31_19-9207-E,CCTCAGCGACCCAAAGTTTTAGTTTTTAATAGTTGGTGGTGA
54_t4_31_19-7569-E,CAGCTAGACTCTCTCCAGTGGTCAAAGTTGTACTCTGTAATC
54_t4_31_19-7559-E,TAGAGAATAATACTTCTTTT
54_t4_31_20-7703-E,TGGCATATGATGGACTTGTGTCAGTCTCAGAC
54_t4_31_20-8658-E,CGTCACCTCAGGTTGGTGGTGATGTACCACTA
54_t4_31_20-8629-E,CCTTTATAAATGGGGTCAGT
54_t4_31_20-8692-E,CCCCAGTGCCACACTTCCACTTGGGGATAAACTTGGCCATCT
54_t4_31_20-7684-E,CCTGGCATAAATCCTCAAATTTCTCCCCGTAGAAGTCACCAC
54_t4_31_20-7674-E,AACCCCTGGATGAAGTTCTC
54_t4_31_21-7773-V,CTGTATTTTTTGTGTCAGGAATAATTCTGTGTTTTTAAAGCAGGAAGGAAAATATGGTTTTTAACCCAAAGAAGAACA
54_t4_31_21-7276-E,CAGGCCCAGCAATTTGCCATGGACAAGATGCATCCAACCACT
54_t4_31_21-7255-E,TAGACTGGAAAACTGTTGATGTTGGGTTCAGTGTGCAGATGA
54_t4_31_21-7234-E,GGGTTCAGAAGCTGTGCAGATGATAGACTGGCTGTTGATGTT
54_t4_31_21-7224-E,TTTGCCATGGAACTCAGGCCCA
54_t4_31_22-7913-E,CTTCCAAGTTCTGGACCCAAAGCACTGAAAAA
54_t4_31_22-8543-E,AGCCATTCTACACACAGTAGTTAGCTCTGTGC
54_t4_31_22-8514-E,AATGATGTTCAGAATGCACA
54_t4_31_22-8577-E,AAAACCTGTCAGTCTTCTCTTGGCTCAGAAACTTTATAATAT
54_t4_31_22-7894-E,GTCTTTACCTTCTTCTTGTTGGTCTTGCCATATATTCCTTCT
54_t4_31_22-7884-E,TGCCAAAAAAGCAATGGCGA
54_t4_31_23-7983-V,AGTTGTTTTTTCCACAGTTACCACATGCTTGTTTTTCCATCCAACCCAAGATGCCAGTTTTTGAGCTCCATGGGATAC
54_t4_31_23-8072-E,TTGCAAACAGGGACAAGATGCCAGGACCTGTGATAATGGACA
54_t4_31_23-8051-E,GGATACTCTCTTGGGTTCAGAATTGTGCCATATGGGATGGAG
54_t4_31_23-8030-E,AAAGAACAGTGATAGACTGGAACTGTTGATGTTGAGCTACAG
54_t4_31_23-8009-E,GATAAAACACCTCAGGCCCAGCTGTGCAGATGTGGTGGCTAA
54_t4_31_23-7999-E,AAGCCAAATTCATCCAACCA
54_t4_31_24-11521-V,TCATCTTTTTAATGTGACTACAATTCTCCCATTTTTATTATCTGGTAATTTATCTTGTTTTTCATCTGCTGCACACCA
54_t4_31_24-11569-E,TCTTCCAGCCGTTTTTAATAATTAATAGTACCACCTTCCAGT
54_t4_31_24-11548-E,ATGGGGTCTGGCAGGAACTGCCAAAGTTTTACAGCCTGTGTC
54_t4_31_24-11538-E,TGATGTTCTTCCTTCCACTTAT
54_t4_31_25-10859-V,AGTCTTTTTTTGGCCATCTCTATGCAGGAACTTTTTTGCCAAAGTTACCACATTCAATTTTTGAAACTGGGGCAGTAG
54_t4_31_25-11184-V,TAATATTTTTTAAAACCTGTTAAAGGAACCATTTTTCTATTTGCAATTCTATCTTCCTTTTTATTGTTTATAAACTCT
54_t4_31_25-11219-E,TAACTATAACTGGGGGATAAACCTGTGTCTAC
54_t4_31_25-10894-E,ACCACCGATGCATCTGCTGCAGGGTTATAAAC
54_t4_31_25-10928-E,AAATTTATCTGGTGAGGTCCTGCAAGGTCTTGTCATAGTCTG
54_t4_31_25-11200-E,AAGAATGCACTGAAGATACCACATTCAAGAATAGTATGTGAT
54_t4_31_26-11378-E,GTGCCCAGGGGTCAGTCTTGGCCACTCAGACC
54_t4_31_26-10810-E,GTCACCTAAGGTTGGTGGTGATGTTCTCCCCA
54_t4_31_26-10802-E,CACTTCCACTCCCAGTGCCC
54_t4_31_26-11370-E,GTTGGTGGTGAGCAAGGTCTTG
54_t4_31_27-11428-V,CCGAGTTTTTGTGAGGTCCTTGTCTCAGACCTTTTTGTCACCTACATCCAGA
54_t4_31_27-4741-E,TTTATTTTTCTCTCCAGTGGTCAATGTCTAGGGGAGTTGTTA
54_t4_31_28-4780-V,CAGGATTTTTATACTTCTTTTTATTTCATAATTTTTTTATAAACTTAGACTGGAACTTTTTTGTTGATGTTGTTGCCA
54_t4_31_28-4805-E,AACCCCTGTATGAAGTCACCACCCCTGACCAA
54_t4_31_28-10737-E,GGTCCAAGATAATTAATAGTACAATGGCATAA
54_t4_31_28-10729-E,ATGTGAAGATTTAGTTTTTA
54_t4_31_28-4797-E,GAATAATTCTGCCACTATGGCA
54_t4_31_29-4903-E,TGTATGTGTCTCAAATTTCTCCCCGTAGATGATGCCAGGACC
54_t4_31_29-4882-E,CTCATCCTCAGTCAGGATGAAGTTCTCATCCAGGATGAAGTT
54_t4_31_29-4872-E,AATTTCTCCCCGACCTGTATGT
54_t4_31_30-5496-V,TGGACTTTTTAAGATGCCAGGTAGATGGACTTTTTTTGTGTCAGTATGAAAG
54_t4_31_30-6827-E,ACAGGGAGAAGCCAAATTTATTAGAGAATGGTTCAGTTGTCC
54_t4_31_31-6866-V,GCTAATTTTTGATAAAACACCTCCGGCGATCTTTTTTTCTTGTGGATCTGGACCCAATTTTTAGCACTCTGGCATAAT
54_t4_31_31-6891-E,GAGCTACAGATGGGATGGAGGGATAAAACCCC
54_t4_31_31-5373-E,TGGAATAAGTCACCACCCTGGCATACTCTCTT
54_t4_31_31-5365-E,TTCTGTGAAAGGCATATGAA
54_t4_31_31-6883-E,GAAAGAAGGAGCATTGCAAACA
54_t4_31_32-6966-E,GGAACCCAAGACTTAGAGAATAAGTTGTCCAC
54_t4_31_32-7399-E,AGTTAGCAGCCAAATTTATTAGAGGAAAATAT
54_t4_31_32-7391-E,ATGGCGATCGTAAAACACAA
54_t4_31_32-6958-E,AAGAATTGCAAGTAATCCAGCT
54_t4_31_33-7016-V,TATAATTTTTACTTAACTCTCAAGAGCACAATTTTTAGATAATGGACTCCTG
54_t4_31_33-6756-E,ATTCCTTGGAGTTGTTATTTATTTTTTATTTCCTTCCAAGAT
54_t4_31_34-7058-V,TCTCCTTTTTAGTGGTCAAAGCTCCACCTTGTTTTTCCAAAAAACCTAACTCTGTAATTTTTTCCAGCTAGAAAGGAA
54_t4_31_34-7083-E,TGTGAAAGGGCATAAAACCCCTGGAAGATATT
54_t4_31_34-7326-E,CCTTCTGTGCACTCTGTGCCTTCCAATAATTC
54_t4_31_34-7318-E,CTTTACCTTGTGGACCCAAA
54_t4_31_34-7075-E,CAGGAATACTTGTCACCACCCT
54_t4_31_35-584-V,TCTCTTTTTTTGAGCTACAGTCCACAGTTAGTTTTTCAATGGCGATGCCAAAAAACCTTTTTACATGCTTGCTATTAG
54_t4_31_35-7181-E,AGTTCTCATCTTGCAAACAGATGGGATGGAGTGTCAGGATGA
54_t4_31_35-7160-E,CCCCGTAGATAGAGCACAAAGATAATGGACACTCAAATTTCT
54_t4_31_35-7150-E,GGACTTGTGTCGAATTGCAACA
54_t4_31_36-658-V,AATATTTTTTGGAACCCAAAAGTACCACTATTTTTTGGCATATGAACTTTTC
54_t4_31_36-16885-E,AATATTCATATCTTTATTCAGGGAAGAATCTTAGCTCCAGAT
54_t4_31_37-16949-E,CACTATGGTCTTATTCTGAAGAGTAACACAAG
54_t4_31_37-535-E,CCAAATTTGTGGTGGCTAAGATAATAAGAAAC
54_t4_31_37-527-E,ATTAGAGTTGAAAGAACAGT
54_t4_31_37-16941-E,TACTTCCAGGTCAGTGAAGAAA
54_t4_31_38-17073-V,GCAACTTTTTCGGAGCCAACGTGTGGCAGGTTTTTTATCTTGTTTTAACTGACCAAGTTTTTGTCCAAGATGACTTTA
54_t4_31_38-451-E,TTCCAAGATCTGGACCCAAAGCACGCCATGTC
54_t4_31_38-17108-E,TGACGGCAACGTCCATGTTCATGATCTGTGCC
54_t4_31_38-17142-E,CCATTTTACTTTCTGACCTCTCAGGACACTCATCTGGAAGTT
54_t4_31_38-432-E,TCTTTACCTTCTTCTTGTTGGTCTTGCCATTTATTCCTTCTG
54_t4_31_39-16999-V,CAGACTTTTTAAGTAGGCTAATTATCCTCAGTTTTTTGATGCTTCTGCTCCTACAGCTTTTTTCCCACAAATACTTTA
54_t4_31_39-17047-E,CATTATTTTATTAGCAACCCTCAACTCTTTTCTTTGCATATA
54_t4_31_39-17026-E,CTTACTAATACAGATTCCATTATATAAATTACTTTATTAAAT
54_t4_31_39-17016-E,TTCTTTAAGGGAAATGATGTTC
54_t4_31_40-11683-E,AAGCCATTCTACACACAGTAGTTAATCATCTCATGCTGAAAA
54_t4_31_41-11722-V,TAATATTTTTTAAAACCTGTCAGTCTTCTCTTTTTTTGGCTCAGAAACAAGC
54_t4_31_41-16840-V,TGAATTTTTTCCTTTTAATACCACCCATGTATTTTTTCTCCAAGCTCCGAGG
54_t4_31_41-16856-E,GCAGCAAATCAAGAATGCAC
54_t4_31_42-11826-V,TACAATTTTTCTGACCGGAGGAAGATGGAGCTTTTTTCCCAAGAAATCTCCC
54_t4_31_42-4643-V,AAAGATTTTTTAATGGACATTTACCTTGCCATTTTTAAAAACCACACCAACC
54_t4_31_42-4657-E,TGCAACAAAGGAAAATATGGAACCATAATTTTTACAAAGAAT
54_t4_31_43-11475-E,CATAGGATGTCTCCATCTGA
54_t4_31_44-5558-V,ACTCATTTTTGGCCCAGCTGTCCAGCTAGACTTTTTTTAGAGAATAGAGCAC
54_t4_31_44-6583-V,GTAGATTTTTTGGACTTGTGTATGGCATATGTTTTTAAGTCACCACACTGTT
54_t4_31_44-6597-E,TCAAATTTTGTGTCAGGATGAAGTGCCATTGCTTTCTCATCC
54_t4_31_45-4712-E,AACTCTGTAATGCAGATGAT
54_t4_31_46-6667-V,GATGTTTTTTTGGGTTCAGAGACAAGATGCCTTTTTAGGACCTGTACTCCCC
54_t4_31_46-6510-V,TGTGATTTTTAAGCAGGAATATACTTCTTTTTTTTTCTCTCCAGTGTTATTT
54_t4_31_46-6526-E,ACCCCTGGAACTGTGCAGATGATAGACTGGACCTGGCATAAA
54_t4_31_47-6798-E,GCTCCCCATGATTTGCCATT
54_t4_31_48-720-V,ATTTTTTTTTTTATTTCATACATCCAACCACTTTTTTCAGGCCCAGTAATTC
54_t4_31_48-16801-E,TTGCAAAGATGCACCAATAAAGGATCCTGGGAGCACCACTAT
54_t4_31_49-6725-E,ACATGCTTGCATTATAAACT
54_t4_31_50-782-V,CTGGATTTTTATAATTCTGTTCTCCAGTGGTTTTTTCAAAGTTGTTCTTGCC
54_t4_31_50-16682-V,TAATCTTTTTTGGAAGTTCCGTGATAAGAATTTTTTGGAGCTCCTAATCTTG
54_t4_31_50-16706-E,GTCCCTTCTTCTTCTTGACAGTTTTCACCACC
54_t4_31_50-796-E,CTGGCATAACTATGGCATATGAAGCTAATGGT
54_t4_31_50-16698-E,TATCTTCCATCGCAGCCAAC
54_t4_31_51-6495-E,ACTTCTTTTCGAAAGCAGGA
54_t4_31_52-6416-V,GACTTTTTTTAGAGAATAAGAACCCAAAGAATTTTTTTGCAACAAGGAGCTA
54_t4_31_52-6218-V,ATTTCTTTTTTGGACCCAAAAGATGGACTTGTTTTTTGTCAGTACCAAACCC
54_t4_31_52-6255-E,CACAGTTAGCTATAAACTTAACTCTGTAATCTTAGAGTTGTC
54_t4_31_52-6234-E,TCTTGTTGGTATTTATTTTTTATTTCATAATAATGGCGATCT
54_t4_31_53-6568-E,TCAGTTATGGGAAAAACCAC
54_t4_31_54-5621-V,TGCCTTTTTTTCCAAGATATGGGATGGAGGGTTTTTATACTCTCTTTTAGAG
54_t4_31_54-6312-V,CAGAATTTTTAGAACAGTGTATAAAACACAATTTTTGCCAAATTTACAGCTA
54_t4_31_54-6336-E,ATGGAGGGTAATGGACATTGCAAATTTCTGGA
54_t4_31_54-5635-E,CCCAAAGCCTTGTTGGTCTTGCCACAGATGGG
54_t4_31_54-6328-E,ATACTCTCTTAGCACAAAGA
54_t4_31_55-4628-E,TGCAAACAGATTCCTTCTGTCT
54_t4_31_56-12926-V,TTTTATTTTTGTTTTTAATATGAAGATACCATTTTTCATTCAAGAATAGTAT
54_t4_31_56-4538-V,TTGTCTTTTTCACAGTTAGCACAGTTAGCAATTTTTTGGCGATCTTACTCTG
54_t4_31_56-4562-E,AAACACAAAAGAACAGTGTGGTGGAACCATGC
54_t4_31_56-12940-E,AGGAACTGCTCTGTCTAGAGAGCCCTAAGATA
54_t4_31_56-4554-E,GCCAAATTTAGAGCTACAGA
54_t4_31_57-12887-E,CCAAGATGATTAATAGTACAACTGGGAGCCACTGACCAAGGT
54_t4_31_58-12056-V,CAATGTTTTTTGACTACTCACGGAGCTCCCTTTTTTTCTCTTGGCTATGTTC
54_t4_31_58-12070-E,CTTCTCCACTGTGTCATGGGGTCTATGTCTGGTGGTGATGTT
54_t4_31_59-11993-V,CATCTTTTTTGCTGCAGGGGCCATGGATCCCTTTTTTTAGCCCTTGTGTTTA
54_t4_31_59-12250-E,CTGTCTACACTCTGGTCATAGTCTGAAATTTTAATATAAAAC
54_t4_31_59-12229-E,CTGAAAAAAGTATCATCAATTCTCCCAATTAACAGTAGTTAG
54_t4_31_60-11919-V,CAGTGTTTTTCCCAGGTTGGTCAGACCGTCATTTTTCCTACACTTCTCCAACTGCCATTTTTAAGTTTTAGTTAATAG
54_t4_31_60-11769-E,ACCTTTATAATCTTGGGGTCAGTCTTGGCCACTGGGGGATAA
54_t4_31_61-11961-V,TGAGGTTTTTTCCTGCAAGGACTAACTATATTTTTTAGTATGTGATCCCACT
54_t4_31_61-16772-E,TCACCTTGACCTGTCTACACCA
54_t4_31_62-12307-V,CCTTTTTTTTATAAACTAACGTCCATGTTCATTTTTTGAGCCATGTTTTGCA
54_t4_31_62-12542-E,AATTTATCTTACCACATTCAAGAAACTGGGGTCATAGTCTGA
54_t4_31_62-12521-E,AGGGGTGTCTCAAGGTCCAAGATGTGAAGATGCATCTGCTGC
54_t4_31_63-16667-E,ATTTTACTACTGGAGCTCCT
54_t4_31_64-12820-V,GTGATTTTTTAAGAATGCACCTGACCTCTCATTTTTGGACACTCAACCAAAG
54_t4_31_64-12133-E,AGGTATCTCAACCCTCAACTCTTTTTATAAAC
54_t4_31_64-12834-E,TAACTATAACTGGGGGATAAACCTTGTGTGGC
54_t4_31_64-12125-E,TGTTTTCACCAAATTATTAG
54_t4_31_65-12182-V,CAGATTTTTTTCCATTATATTTCCAGTTCTTTTTTTCCAGCCCAGCGATCAT
54_t4_31_65-12370-V,AATAGTTTTTTACAACTGACACACCACCGAGTTTTTGTGAGGTCCTGGGGTC
54_t4_31_65-12198-E,CAGAATTTTATTAGTAAATG
54_t4_31_66-13010-V,TTCATTTTTTGAGCCTCTAGATAAAACCTGTTTTTTCTACACACAGTTGGCT
54_t4_31_66-4434-V,AAACCTTTTTACATGCTTGCGGATGGAGGGATTTTTTACTCTCTTGAAAACA
54_t4_31_66-4458-E,TCCTTCTGAGCACTCTGTGCCTTCGTTCCATT
54_t4_31_66-13024-E,TCTAGACGTGTTTATAATCTGGAACAAGATAT
54_t4_31_66-4450-E,TCTTTACCTTCTGGACCCAA
54_t4_31_67-12805-E,ACTTTATAATAGACGGCATT
54_t4_31_68-5705-V,CAAGCTTTTTCAAATTTATTTTCTTGTTGGTTTTTTCTTGCCATTTGCCAAA
54_t4_31_68-6020-V,AATTTTTTTTCTCCCCGTAGGTCAGTACCACTTTTTTATGGCATATTCAGGC
54_t4_31_68-6044-E,GTCAGGATGACAAGATGCCAGGACGTGTGGTG
54_t4_31_68-5719-E,GCTAAGATAGCTACAGAAAGAACACTGTATGT
54_t4_31_68-6036-E,GAAGTTCTCAATTTGCCATG
54_t4_31_69-4523-E,AATGGCGATCAGAGTTGTCC
54_t4_31_70-6124-V,CCAGCTTTTTTGTGCAGATGACTGTTGATGTTTTTTTGGGTTCAGATCCTCA
54_t4_31_70-5926-V,GGAATTTTTTACTTCTTTTCTGTTGGGTTCATTTTTGAATTTGCCAGAGCTC
54_t4_31_70-5963-E,CCTGGCATAAACATGCTTGCCATCCAACCACGAAGTCACCAC
54_t4_31_70-5942-E,TAATTCTGTGTCTTTACCTTGCCAAAAAACCAACCCCTGGAA
54_t4_31_71-6297-E,GGTGGCTGGAATAGACTAAG
54_t4_31_72-866-V,CTCTCTTTTTATCCTCAAATCCTTCCAAGATTTTTTATTCCTTCTGAAAGCA
54_t4_31_72-16578-V,TATACTTTTTATTATTTTACTCAATTCTCCCTTTTTAATTATCTGGGATAAA
54_t4_31_72-16602-E,CTGCAACCTCTGACCTCTCAGGACCCCTGTAT
54_t4_31_72-880-E,GTGTCAGGTGGACAAGAGGAGCTCACTCAACT
54_t4_31_72-16594-E,GGAGCCAACCCTGACGGCAT
54_t4_31_73-6203-E,GCACTCTGTGTTCTCCCCGT
54_t4_31_74-16536-V,AGGGATTTTTCAAGCCAGACCAGTGAAGAAATTTTTTCTTATTCTGCACTTG
54_t4_31_74-16552-E,TTACTAATATTCAATGTGACTACTCATATCATTTATTAAATC
54_t4_31_75-12736-V,CAGAATTTTTAAATGATGTTGGTGTCTAGACTTTTTTATCTTCCATTCCATG
54_t4_31_75-12425-E,GTCACCTAAGGTTGGTGGTGATGTGCCATTCA
54_t4_31_75-12750-E,GTCTTCTCTAGTTAGCTGAAAAAACTCAGACC
54_t4_31_75-12417-E,CACTTCCACTCCCAGTGCCC
54_t4_31_76-12474-V,AGTCTTTTTTTGGCCATCTCTATGCAGGAACTTTTTTGCCAAAGTTATAATT
54_t4_31_76-12641-V,CAGCCTTTTTCAGCCTGTGTAGGAACCACTATTTTTTTTGCAAAGCTCTCCAAGCTTTTTTTCACCTTGACCCTTAGC
54_t4_31_76-12655-E,CCTTCCAGTGTGTGGCAGGTATCTGTCTTGCAAGTGTTTTCA
54_t4_31_77-13105-V,CCTTGTTTTTCGCAGCCAACATTAGCAACCCTTTTTTCAACTCTTTTTCTTC
54_t4_31_77-4361-V,TCAGATTTTTATTTGCCATGCAGGACCTGTATTTTTTGTGTCAGGATTGCAA
54_t4_31_77-13121-E,CCATGTGATGACTGTGATCC
54_t4_31_78-12710-E,TATATAAATTTTCTTCTTGACAGTTTCTAATCCAGATTCCAT
54_t4_31_79-5800-V,CAAGATTTTTGCACAAAGATCTGTGCAGATGTTTTTATAGACTGGATTGGGT
54_t4_31_79-4315-E,TGAAGTTCTCACCCAAAGAA
54_t4_31_80-4408-E,TCAGGCCCAGAATGGACATTGCAAACAGATGCATCCAACCAC
54_t4_31_81-5831-V,TAAGGTTTTTAAAATATGGAATCCTCAAATTTTTTTTCTCCCCGTATTGCCAAAAAATTTTTCCACATGCTTCACTCA
54_t4_31_81-5845-E,CTAGACTTTATAAACTTAACTCTGCTTGTATGGATAATCCAG
54_t4_31_82-961-V,GGCCCTTTTTAGCTGTGCGGATTTATTTTTTTTTTTATTTCATAATAGAGAA
54_t4_31_82-977-E,GCCATGGCTAAAGTACCAAC
54_t4_31_83-5900-E,CAAAGTTGTTAGCTCCGACTGGAACTGTTGATCTCCAGTGGT
54_t4_31_84-12626-E,CATGGGGTCTGCACCAATAA
54_t4_31_85-13198-V,AATCCTTTTTTTTTAATAATGTGATGTTCTTTTTTTCTCCAGATCATCTTTA
54_t4_31_85-16474-V,CTATGTTTTTGTACTTCCAGCAGTGATGCTTTTTTTCTTATCTTTAGCAGCCAACTTTTTTTCTTCTTGACATTATTC
54_t4_31_85-16490-E,AAGAGTTAAGAGCAAATCCC
54_t4_31_86-13291-V,CTCTGTTTTTCAACCGGAGCCTTTATTCAGGTTTTTGACTCCAGATGATCCCTTAGCTTTTTCCTTGCGCAGCTTGAC
54_t4_31_86-13307-E,CTCTCCCAGTTCTCTAGGAC
54_t4_31_87-13152-E,CACCCCTTATCAACCATGTA
54_t4_31_88-4237-V,GCATATTTTTAAACCCCTGGTGAAAGCAGGATTTTTATACTTCTTTGGTCAAAGTTGTTTTTTTATTTATTTAATTAT
54_t4_31_88-4045-E,ATGGGATGGATGAAGTCACC
54_t4_31_89-4346-E,GACAATTCTGAATAAGATGC
54_t4_31_90-1023-V,CCAAGTTTTTATATTCCTTCTGTCAGTACCATTTTTCTATGGCATAGGGATACTCTCTTTTTTTGAGCTACAAATACT
54_t4_31_90-1039-E,AAGCAATCCTGTATTCTCTG
54_t4_31_91-4284-E,GATGGACTTGTGTCTTTACC
54_t4_31_92-16004-E,GGACTATGGTACAAAGCCACCC
54_t4_31_93-13245-E,AATATTCAGCTGACCCCATG
54_t4_31_94-13406-V,AGTTTTTTTTCTAATGGTGTGTTCCATTTTATTTTTCTACGTCCATCATGTCTGACGTTTTTGCATTCTGACACTCAA
54_t4_31_94-13500-V,AGGAATTTTTCCACTATTTGCTTCCAGGTATTTTTTTATCCTCAGTGCAACC
54_t4_31_94-13422-E,CCAACATGCACTTAATATTCTT
54_t4_31_95-3285-V,AACCATTTTTCATGCTTGCCAGGCCCAGCTGTTTTTTGCAGATGATATTAGA
54_t4_31_95-13654-E,TCTGAACCTTGGTCTTTAGAGT
54_t4_31_96-13565-V,AGCTCTTTTTCTACAGCTCCTTTACTTTATTTTTTTAAATCTTACTGCTACA
54_t4_31_96-13589-E,ATTCAGGGTCCTCAGTGATGCTTCTGTTTATA
54_t4_31_96-13367-E,ATCTGGAACCCTTCTATCTTCCATTTATCTTT
54_t4_31_96-13581-E,ACTCCAGATACCAGGTATTA
54_t4_31_97-3781-E,TTTGCCATGGAGGAATACTTCT
54_t4_31_98-3645-V,AATTCTTTTTTGTGAAAGCACAAGATGCCAGTTTTTGACCTGTATGGTTCTC
54_t4_31_98-3342-E,GGACCCAACTTCTTGTTGGTCTTGCCTGGCAT
54_t4_31_98-3659-E,AAAACCCCCATATGAAGTCACCACCCATTTCT
54_t4_31_98-3334-E,AGCACTCTGTCAATGGCGAT
54_t4_31_99-3112-E,TGGCATATGAAGAATTGCAACA
54_t4_31_100-3560-V,CTGTATTTTTATCCAGCTAGCTTTACCTTGCTTTTTCAAAAAACCACTGTTG
54_t4_31_100-3447-E,AGCTACAGATGGGATGGAGGGATATTTCATAA
54_t4_31_100-3574-E,TTATAAACTGTTATTTATTTTTTACTCTCTTG
54_t4_31_100-3439-E,AAAGAACAGTTTGCAAACAG
54_t4_31_101-3127-V,GTGTCTTTTTAGTACCACTAAGAGCACAAAGTTTTTATAATGGACAGTGGTGGCTAATTTTTGATAAAACACGTTGAT
54_t4_31_101-3143-E,CCCCGTCTCTTCTTTTAGAT
54_t4_31_102-3063-V,GAAAGTTTTTCAGGAATACTCCAGTGGTCAATTTTTAGTTGTTATTCATTTCTGGACTTTTTCCAAAGCACTCAAGAT
54_t4_31_102-1454-V,GTGTCTTTTTAGGATGAAGTGCACTCTGTGCTTTTTCTTCCAAGATAAGGAA
54_t4_31_102-1471-E,GATGCCAGGACCCCTGGAATAA
54_t4_31_103-13338-E,GTTCAGATGGACCCGTATGAGC
54_t4_31_104-4144-V,AAACTTTTTTTAACTCTGTAGGAACCCAAAGTTTTTAATTGCAACAGATAATGGACATTTTTTTGCAAACAGACCCTG
54_t4_31_104-3731-V,ATCCTTTTTTCAAATTTCTCCTTGTGTCAGTTTTTTACCACTATGGTGGAAT
54_t4_31_104-4160-E,TTTATGATGAATGTCAGTTCAT
54_t4_31_105-3528-V,AATATTTTTTGGAACCCAAAGTCACCACCCTTTTTTGGCATAAAACCTGTAT
54_t4_31_105-3545-E,ACTTAGAGAATATTCCTTCTGT
54_t4_31_106-3796-V,ATGTTTTTTTGGGTTCAGAATTTCTCTCCAGTTTTTTGGTCAAAGTTTAACT
54_t4_31_106-3820-E,GCAGATGAATCCAACCACTCAGGCAGAATAAG
54_t4_31_106-4105-E,GAAAATATATCCAGCTAGACTTAGCCAGCTGT
54_t4_31_106-3812-E,TAGACTGGAACATGCTTGCC
54_t4_31_107-1248-E,CTTAGCTGGCAACCACCAGAAT
54_t4_31_108-1391-V,ATGGCTTTTTATATGAAGTCTAAAACCCCTGTTTTTGAATAATTCTGTGGTG
54_t4_31_108-3938-E,TCTTGTTGGTCGTAGATGGACTTGTGTCAGTAATGGCGATCT
54_t4_31_108-3917-E,TGGACCCAAATCTCATCCTCAAATTTCTCCCCTTGCCATTTC
54_t4_31_109-1575-E,ACCTTACCTCAGCATATGCCAA
54_t4_31_110-1179-V,ACAGATTTTTTGGGATGGAGTTGAGCTACAGTTTTTAAAGAACAGTTAACTC
54_t4_31_110-1510-E,GGAACTGTGCCCAGCTGTGCAGATACAAAGAT
54_t4_31_110-1193-E,AATGGACAGAATTGCAACAAGAGCGATAGACT
54_t4_31_110-1502-E,TGATGTTGGGAACCACTCAG
54_t4_31_111-1590-V,ATTCCTTTTTTTCTGTCTTTAAAACCACATGTTTTTCTTGCCATCCTTCAGAATTTGTTTTTCCATGGACAATTCTGT
54_t4_31_111-1606-E,CTGTGCAGTGGGCTACCTTC
54_t4_31_112-15583-V,CAAGCTTTTTCAGACAAGTAAAGAAATCTTATTTTTTTCTGAAGAGGAACAGTGAAGTTTTTAAATCTTATTAAGAAA
54_t4_31_112-15754-V,TCTATTTTTTCTTCCATTGTTGACGGCATTCTTTTTTGACCTCTCACTGCAA
54_t4_31_112-15771-E,TTTCTAATGGTTAATATTCTTT
54_t4_31_113-4076-E,AGAGCAATTTAAAGCCAACAAA
54_t4_31_114-1326-V,TCTTTTTTTTTCTCTCCAGTTCCACAGTTAGTTTTTCAATGGCGATGTCTTGCCATTTTTTTTCTGGACCCATGCCTT
54_t4_31_114-3997-V,GCTAATTTTTGATAAAACACTTAGAGTTGTCTTTTTCACAGTTAGCACCACT
54_t4_31_114-4014-E,GAAAGAACAGTGTGAAAGCAGG
54_t4_31_115-15648-V,CCGGATTTTTGCCAACCTTTGCTTACTTTATTTTTTTAAATCTTACGTCCCT
54_t4_31_115-1164-E,GGATATCAACTGGACACCTCTC
54_t4_31_116-1263-V,TGTAATTTTTTCCAGCTAGAAAGGAAAATATTTTTTGGAACCCAAATTGCAA
54_t4_31_116-1300-E,TTATTTATTTAAGCCAAATTTATTAGAGTTGGGTCAAAGTTG
54_t4_31_116-1279-E,ATTATAAACTGTGGTGGCTAAGATAAAACACTTTATTTCATA
54_t4_31_117-16182-E,CCATGAAGCTTATCTCCTTCAT
54_t4_31_118-16325-V,CAAAGTTTTTCCACCCATGTCACCTTGACCCTTTTTCATGGATCCCCAGATA
54_t4_31_118-15705-E,GTTCATGGGAAGTTCCATTTTACTCCAATAAA
54_t4_31_118-16339-E,GGAACCACTCCTTTTAATAATGCAACGTCCAT
54_t4_31_118-15697-E,GAGCCATGTCTTATAATCTG
54_t4_31_119-14095-E,CAGGTATTATCCACCAATAAAG
54_t4_31_120-16113-V,CCTTTTTTTTGCATATACATTATTAAATCTTTTTTTACTAATATTCGGCTGA
54_t4_31_120-15810-E,GATCCCTTTCCAAGCTTCACCTTGTCAACTCT
54_t4_31_120-16127-E,GCAACCGGTGACCTCTCAGGACACACCCCATG
54_t4_31_120-15802-E,AGCCCTTGCGCCCATGTATC
54_t4_31_121-14046-V,TAATATTTTTTTCAGCTCCTCAAATGCAGCATTTTTAATCCCCACTTAATAATGCACTTTTTCAATAAAGGAGCAAAG
54_t4_31_121-13817-V,GTCCATTTTTTGTTCATGAGCTCCTACAGCTTTTTTCCCACAAATGACTTGA
54_t4_31_121-13834-E,AAGTTCCATTTTATTCAGGGAC
54_t4_31_122-1070-E,CTTCTCACAAAAGCTCCTGTTG
54_t4_31_123-16411-V,ATATTTTTTTCAGCTCCTACTGCAGCAAATCTTTTTCCCACTTGAATATTTG
54_t4_31_123-16428-E,TTCAGGGACTCTTAGCCCTTGC
54_t4_31_124-15891-V,ATCCTTTTTTTTTAATAATGCTCAGTGATGCTTTTTTTCTTATCTTTACTAC
54_t4_31_124-16098-E,TATTTATCCCCCAGCAATACTT
54_t4_31_125-16019-V,TGAAGTTTTTAGTTAGCTGAATGTATCTCCATTTTTAGCTTCACCTTCCTACAGCTCTTTTTCCACAAATGCAAACCA
54_t4_31_125-16197-V,GGCATTTTTTTTTACTACGTGAGCCATGTCTTTTTTGCCTCAGCTCAGCCAA
54_t4_31_125-16234-E,TGTCCCTTCTGTAGGCTACAGTGAAGAAATCGTTTCTAATGG
54_t4_31_125-16213-E,TTTATAATCTTTTAAGGGACAAGCCAGACAAACCTCAGCTTG
54_t4_31_126-13550-E,CACAAATGCAGATATACATTAT
54_t4_31_127-13754-V,GGAGCTTTTTCAACCTTTGCCAAATCCCCACTTTTTTTGAATCCTTCAATAA
54_t4_31_127-15961-E,TCTTTATTCACCTCTCAGGACACTCAACTCTGATGCTTCTTA
54_t4_31_127-15940-E,TAATATTCAGCCATGTCTGACGGCATTCTGAGGGACTCCAGA
54_t4_31_128-13938-E,CAAGCCCACTCATCCAATTCAC
54_t4_31_129-13669-V,GTGAATTTTTGAAATCTTATTAAGAAACCACTTTTTTATGGTACTTATATTC
54_t4_31_129-13873-E,TAATGGTGAGCCAACTTCTTCTTGCAAGCCAG
54_t4_31_129-13683-E,ACAAGTAGAATATTCTTTAAGGGAACAGTTTC
54_t4_31_129-13865-E,TCCCTTCTATGCCCTTGCGC
54_t4_31_130-13953-V,CCACCTTTTTCATGTATCTCCTTGACCCCATTTTTTGGATCCCTTACTTCCATTGTTTTTTTTATAATCTGGTCCAGA
54_t4_31_130-13969-E,ACCACTGGACTGCCATATTT
54_t4_31_131-3220-V,GTTGGTTTTTGTTCAGAATTAAGATGCCAGGTTTTTACCTGTATGTAGTTCTCATCCTTTTTTCAAATTTCTGGACTT
54_t4_31_131-3391-V,GTTGTTTTTTCCACAGTTAGGCCTTCCAAGATTTTTTATTCCTTCTCCAAAA
54_t4_31_131-3408-E,AAGCCAAATTTAGACTGGAACT
54_t4_31_132-14110-V,CCACTTTTTTATGGTACTTCGAACCACTATTTTTTTTGCAAAGCCACAGCCAACTTCTTTTTTTCTTGACAGAAGGGA
54_t4_31_132-14031-E,ACAGCGAGTTCTGAATCCCA
54_t4_31_133-15521-V,GTACTTTTTTTCCAGGTATTATGCTTCTTATTTTTTCTTTATTCAGCTTCTT
54_t4_31_133-15537-E,TTAAGAAACCGACAAGTCTA
54_t4_31_134-14234-V,TGCAATTTTTCCGGAGCCAATACATTATTTTTTTTTACTTTATTAATCTATC
54_t4_31_134-2908-V,ATTGCTTTTTAAACAGATGGTACTCTCTTGATTTTTGCTACAGAAAGCTAGA
54_t4_31_134-14250-E,TCAGGAGATACACAAACACT
54_t4_31_135-14000-E,TGAATGCATACCTTTCCTTT
54_t4_31_136-2970-V,CTTAGTTTTTAGAATAAGGACCCAAAGAATTTTTTTGCAACAAGAGATGGAC
54_t4_31_136-2846-V,AAGATTTTTTAAAACACAAGGACCTGTATGTTTTTTGTCAGGATGACACAAGCCAAATTTTTTTTATTAGAGTTAGCA
54_t4_31_136-2862-E,GAACAGTGTGCTGTAATCCA
54_t4_31_137-3174-E,GTCAGTGGAAAAATAGATGA
54_t4_31_138-1652-V,ATGGCTTTTTGATCTTCTTGTTCATAATTATTTTTTAAACTTAACTGTGGCT
54_t4_31_138-1668-E,TTGTCCAGTGATCCTCACAG
54_t4_31_139-3017-E,TATTTTTTATTTGGTCTTGC
54_t4_31_140-14400-V,TTGACTTTTTCCCATGGATCTCCTACAGCTCTTTTTCCACAAATGCTTTGCA
54_t4_31_140-14657-E,TACTAATATTGCCACCCATGTATCTCCAAGCTTATTAAATCT
54_t4_31_140-14636-E,AAGCCAGACAAAAGGAACCACTATTTGCAAACTTTAAGGGAC
54_t4_31_141-14327-V,TTCCATTTTTTTTCTAGAAACCATTTTACTATTTTTCGTCCATGTTGTCTGACGGCATTTTTTTCTGACCTCCAACTC
54_t4_31_141-14188-E,ATCTTACTAACTAGATCCCT
54_t4_31_142-14358-V,CTTGATTTTTCAGTTTCTATTATTCTTTAAGTTTTTGGACAAGCCAACTATG
54_t4_31_142-15464-E,AATATTCAGCTCTAGACCCTTGCGCAGCCAAGGACTCCAGAT
54_t4_31_143-14463-V,TAATATTTTTATGCACCAATAGTAGGCTACATTTTTGTGAAGAAATAGAGTT
54_t4_31_143-14477-E,CACTTGAAGCTCCCACAAATGCAGAAGTTTCTGGCAAATCCC
54_t4_31_144-15008-V,ATTCATTTTTGGGACTCCAGCAGCAAATCCCTTTTTCACTTGAATCTTTGCA
54_t4_31_144-2092-V,GATAGTTTTTACTGGAACTGTGGCTAAGATATTTTTAAACACAAGCGGCGAT
54_t4_31_144-2116-E,CCACTCAGAAAAACCACATGCTTGCTCAGTGA
54_t4_31_144-15022-E,TGCTTCTTACTTCCAGGTATTATCCCATCCAA
54_t4_31_144-2108-E,GCCCAGCTGTTACCTTGCCA
54_t4_31_145-14969-E,CACAAATGATAATATTCAGCTCCTGCCATCATGAACAGCTCC
54_t4_31_146-2218-V,CTTCTTTTTTTGTTGGTCTTCCAAGATATTCTTTTTCTTCTGTCTTGCAGAT
54_t4_31_146-2731-V,CTGTCTTTTTTTTACCTTGCCATGCTTGCCATTTTTTCCAACCACTTGTTGA
54_t4_31_146-2755-E,TCTGTGCCTTGCCATTTCTGGACCGTCCACAG
54_t4_31_146-2232-E,TTAGCAATCAAATTTATTAGAGTTCAAAGCAC
54_t4_31_146-2747-E,TTCCAAGATACTTGTTGGTC
54_t4_31_147-2179-E,TGTGCCTTGCCATTTCTGGACCCAAGGGAGATGGAAGCACTC
54_t4_31_148-2647-V,TGTTGTTTTTGGTTCAGAATACAGTTAGCAATTTTTTGGCGATCTTTTCCTT
54_t4_31_148-2490-V,TGAAATTTTTGCAGGAATACAACAAGAGCACTTTTTAAAGATAATGCTCTTG
54_t4_31_148-2514-E,CATAAAACTGGCATATGAAGTCACGATGATAG
54_t4_31_148-2661-E,ACTGGAACCAGGCCCAGCTGTGCACACCCTGG
54_t4_31_148-2506-E,CCCTGGAATAAGTACCACTA
54_t4_31_149-2820-E,AGAGTTGTCCTTGCCATGGACAAGATGCCAGCCAAATTTATT
54_t4_31_150-1725-V,AGCTATTTTTCAGAAAGAACCCCCGTAGATGTTTTTGACTTGTGTCATTCTG
54_t4_31_150-15375-V,AAGCCTTTTTACCCATGTATTTGCATATACATTTTTTTATTTTACTTTCACC
54_t4_31_150-15399-E,CCAATAAACACTTGAATCCTTTTAGGGATGGA
54_t4_31_150-1739-E,GGGATACTGACATTGCAAACAGATATAATGCA
54_t4_31_150-15391-E,GGAACCACTAAGCAAATCCC
54_t4_31_151-2579-E,TCAAATTTCTAGTGTGGTGGCTAAGATAAAAAGTTCTCATCC
54_t4_31_152-14714-V,TCAACTTTTTTCTGCAACCGCACGCTGAGGCTTTTTCATGGATCCCTATCTTCCATTTTTTTGTTTATAATCGGACAC
54_t4_31_152-15245-E,TTTTACTACGTGACGGCATTCTGACCTCTCATGGAAGTTCCA
54_t4_31_152-15224-E,GAGCCATGTCTCCATGTTCATGAGCCATGTCTCCATGTTCAT
54_t4_31_153-15360-E,CTCCAAGCTTGAGCCAACCT
54_t4_31_154-14902-V,AAGCCTTTTTACCCATGTATGAGTTAGCTGATTTTTGGACTATGGTATCTTT
54_t4_31_154-14540-E,TCTTTATTTATTATCCTCAGTGATAATAAAGG
54_t4_31_154-14916-E,AACCACTACTTTTAATAATGCACCGCTTCTTA
54_t4_31_154-14532-E,CAGGGACTCCTACTTCCAGG
54_t4_31_155-14589-V,AAGAATTTTTACCACTATGGAGATAATATTCTTTTTAGCTCCTACATCCTTT
54_t4_31_155-14777-V,TTCCATTTTTTTTTACTACGTGACGGCATTCTTTTTTGACCTCTCAGTGTCCCTTCTTTTTTATCTTCCATTTGGAAG
54_t4_31_155-14605-E,CTTATTAATCGTTTATCTGA
54_t4_31_156-15092-V,TACAGTTTTTTGAAGCCTCACACCTTGACCCTTTTTCATGGATCCCTTATTTTACTTTTTTTTATTAAATCTGTAGGC
54_t4_31_156-2012-E,CTCATCCTACCTGTATGTGTCAGGGGGACAAG
54_t4_31_156-15106-E,CCAGACAATACTAATATTCTTTAAATGAAGTT
54_t4_31_156-2004-E,CAAATTTCTCAGATGCCAGG
54_t4_31_157-14887-E,CTCCAAGCTTGCATTCTGAA
54_t4_31_158-2302-V,TTGAGTTTTTCTACAGAAAGGTTCAGAATTTTTTTTGCCATGGACACCCGTAGATGGTTTTTACTTGTGTCAACTCTC
54_t4_31_158-1962-E,GCATATGAAGAAACAGATGGGATGGAGGGATGTACCACTATG
54_t4_31_158-1941-E,GCATAAAACCCACAAAGATAATGGACATTGCTCACCACCCTG
54_t4_31_159-2077-E,TTGATGTTGGAACAGTGTGG
54_t4_31_160-2396-V,CTTAGTTTTTAGAATAAGGACCCAAAGAATTTTTTTGCAACAAGAGCCTGGAATAATTTTTTTCTGTGAAAGGCTAGA
54_t4_31_160-1899-E,CTTTTCTCTCTAAACTTAACTCTGTAATCCACAGGAATACTT
54_t4_31_160-1878-E,GTTGTTATTTTTATTTTTTATTTCATAATTACAGTGGTCAAA
54_t4_31_161-2716-E,CAAAATGGAAAAATAAACCA
54_t4_31_162-1809-V,GAAAATTTTTTATGGAACCCTCCAGTGGTCATTTTTAAGTTGTTATATTTTTTATTTTTTTTCATAATTATAAATAAG
54_t4_31_162-15295-E,TTCTAATGCGCAGCCAACTTCTTCCCAGCTAG
54_t4_31_162-1823-E,ACTTAGAGAACTTAACTCTGTAATTTGACAGT
54_t4_31_162-15287-E,GTGTCCCTTCTTAGCCCTTG
54_t4_31_163-2475-E,TTCTTTTCTCAAAGAATTGC
54_t4_31_164-14845-E,GCAGCCAACTGAGCCAACCTTTGCATATACATTAGCCCTTGC
54_t4_31_164-14824-E,GTTTCTAATGGGACACTCAACTCTGCAACCGTCTTCTTGACA
,
NC_000014.9_(1-10000),CTTTGACCACTGGAGAGAAAAGAAGTATTCCTGCTTTCACAGAATTATTCCAGGGGTTTTATGCCAGGGTGGTGACTTCATATGCCATAGTGGTACTGACACAAGTCCATCTACGGGGAGAAATTTGAGGATGAGAACTTCATCCTGACACATACTTTGACCACTGGAGAGAAAAGAAGTATTCCTGCTTTCACAGAATTATTCCAGGGGTTTTATGCCAGGGTGGTGACTTCATATGCCATAGTGGTACTGACACAAGTCCATCTACGGGGAGAAATTTGAGGATGAGAACTTCATCCTGACACATACAGGTCCTGGCATCTTGTCCATGGCA AATTCTGAACCCAACATCAACAGTTCCAGTCTATCATCTGCACAGCTGGGCCTGAGTGGTTGGATGGCAAGCATGTGGTTTTTTGGCAAGGTAAAGACAGAAGGAATATCTTGGAAGGCACAGAGTGCTTTGGGTCCAGAAATGGCAAGACCAACAAGAAGATCGCCATTGCTAACTGTGGACAACTCTAATAAATTTGGCTTGTGTTTTATCTTAGCCACCACACTGTTCTTTCTGTAGCTCAAGAGAGTATCCCTCCATCCCATCTGTTTGCAATGTCCATTATCTTTGTGCTCTTGTTGCAATTCTTTGGGTTCCATATTTTCCTTATTCTCTAAGTCTAGCTGGATTACAGAGTTAAGTTTATAATTATGAAATAAAAAATAAATAACAGGAGCTCCCACTGGAGAGAAAAGAAGTATTCCTGCTTTCACAGAATTATTCCAGGGGTTTTATGCCAGGGTGGTGACTTCATATGCCATAGTGGTACTGACACAAGTCCATCTACGGGGAGAAATTTGAGGATGAGAGGAGCTCCCTGACACATACAGGGGAGCTCCTCTTGTCCATGGCAAATTCTGAACCCAACATCAACAGTTCCAGTCGGAGCTCCGCACAGCTGGGCCTGAGTGGTTGGATGGCAAGCATGTGGTTTTTTGGCAAGGTAAAGACAGAAGGAATATCTTGGAAGGCACAGAGTGCTTTGGGTCCAGAAATGGCAAGACCAACAAGAAGATCGCCATTGCTAACTGTGGACAACTCTAATAAATTTGGCTTGTGTTTTATCTTAGCCACCACACTGTTCTTTCTGTAGCTCAAGAGAGTATCCCTCCATCCCATCTGTTTGCAATGTCCATTATCTTTGTGCTCTTGTTGCAATTCTTTGGGTTCCATATTTTCCTTATTCTCTAAGTCTAGCTGGATTACAGAGTTAAGTTTATAATTATGAAATAAAAAATAAATAACAACTTTGACCACTGGAGAGAAAAGAAGTATTCCTGCTTTCACAGAATTATTCCAGGGGTTTTATGCCAGGGTGGTGACTTCATATGCCATAGTGGTACTGACACAAGTCCATCTACGGGGAGAAATTTGAGGATGAGAACTTCATCCTGACACATACAGGTCCTGGCATCTTGTCCATGGCAAATTCTGAACCCAACATCAACAGTTCCAGTCTATCATCTGCACAGCTGGGCCTGAGTGGTTGGATGGCAAGCATGTGGTTTTTTGGCAAGGTAAAGACAGAAGGAATATCTTGGAAGGCACAGAGTGCTTTGGGTCCAGAAATGGCAAGACCAACAAGAAGATCGCCATTGCTAACTGTGGACAACTCTAATAAATTTGGCTTGTGTTTTATCTTAGCCACCACACTGTTCTTTCTGTAGCTCAAGAGAGTATCCCTCCATCCCATCTGTTTGCAATGTCCATTATCTTTGTGCTCTTGTTGCAATTCTTTGGGTTCCATATTTTCCTTATTCTCTAAGTCTAGCTGGATTACAGAGTTAAGTTTATAATTATGAAATAAAAAATAAATAACAACTTTGACCACTGGAGAGAAAAGAAGTATTCCTGCTTTCACAGAATTATTCCAGGGGTTTTATGCCAGGGTGGTGACTTCATATGCCATAGTGGTACTGACACAAGTCCATCTACGGGGAGAAATTTGAGGATGAGAACTTCATCCTGACACATACAGGTCCTGGCATCTTGTCCATGGCAAATTCTGAACCCAACATCAACAGTTCCAGTCTATCATCTGCACAGCTGGGCCTGAGTGGTTGGATGGCAAGCATGTGGTTTTTTGGCAAGGTAAAGACAGAAGGAATATCTTGGAAGGCACAGAGTGCTTTGGGTCCAGAAATGGCAAGACCAACAAGAAGATCGCCATTGCTAACTGTGGACAACTCTAATAAATTTGGCTTGTGTTTTATCTTAGCCACCACACTGTTCTTTCTGTAGCTCAAGAGAGTATCCCTCCATCCCATCTGTTTGCAATGTCCATTATCTTTGTGCTCTTGTTGCAATTCTTTGGGTTCCATATTTTCCTTATTCTCTAAGTCTAGCTGGATTACAGAGTTAAGTTTATAATTATGAAATAAAAAATAAATAACAACTTTGACCACTGGAGAGAAAAGAAGTATTCCTGCTTTCACAGAATTATTCCAGGGGTTTTATGCCAGGGTGGTGACTTCATATGCCATAGTGGTACTGACACAAGTCCATCTACGGGGAGAAATTTGAGGATGAGAACTTCATCCTGACACATACAGGTCCTGGCATCTTGTCCATGGCAAATTCTGAACCCAACATCAACAGTTCCAGTCTATCATCTGCACAGCTGGGCCTGAGTGGTTGGATGGCAAGCATGTGGTTTTTTGGCAAGGTAAAGACAGAAGGAATATCTTGGAAGGCACAGAGTGCTTTGGGTCCAGAAATGGCAAGACCAACAAGAAGATCGCCATTGCTAACTGTGGACAACTCTAATAAATTTGGCTTGTGTTTTATCTTAGCCACCACACTGTTCTTTCTGTAGCTCAAGAGAGTATCCCTCCATCCCATCTGTTTGCAATGTCCATTATCTTTGTGCTCTTGTTGCAATTCTTTGGGTTCCATATTTTCCTTATTCTCTAAGTCTAGCTGGATTACAGAGTTAAGTTTATAATTATGAAATAAAAAATAAATAACAACTTTGACCACTGGAGAGAAAAGAAGTATTCCTGCTTTCACAGAATTATTCCAGGGGTTTTATGCCAGGGTGGTGACTTCATATGCCATAGTGGTACTGACACAAGTCCATCTACGGGGAGAAATTTGAGGATGAGAACTTCATCCTGACACATACAGGTCCTGGCATCTTGTCCATGGCAAATTCTGAACCCAACATCAACAGTTCCAGTCTATCATCTGCACAGCTGGGCCTGAGTGGTTGGATGGCAAGCATGTGGTTTTTTGGCAAGGTAAAGACAGAAGGAATATCTTGGAAGGCACAGAGTGCTTTGGGTCCAGAAATGGCAAGACCAACAAGAAGATCGCCATTGCTAACTGTGGACAACTCTAATAAATTTGGCTTGTGTTTTATCTTAGCCACCACACTGTTCTTTCTGTAGCTCAAGAGAGTATCCCTCCATCCCATCTGTTTGCAATGTCCATTATCTTTGTGCTCTTGTTGCAATTCTTTGGGTTCCATATTTTCCTTATTCTCTAAGTCTAGCTGGATTACAGAGTTAAGTTTATAATTATGAAATAAAAAATAAATAACAACTTTGACCACTGGAGAGAAAAGAAGTATTCCTGCTTTCACAGAATTATTCCAGGGGTTTTATGCCAGGGTGGTGACTTCATATGCCATAGTGGTACTGACACAAGTCCATCTACGGGGAGAAATTTGAGGATGAGAACTTCATCCTGACACATACAGGTCCTGGCATCTTGTCCATGGCAAATTCTGAACCCAACATCAACAGTTCCAGTCTATCATCTGCACAGCTGGGCCTGAGTGGTTGGATGGCAAGCATGTGGTTTTTTGGCAAGGTAAAGACAGAAGGAATATCTTGGAAGGCACAGAGTGCTTTGGGTCCAGAAATGGCAAGACCAACAAGAAGATCGCCATTGCTAACTGTGGACAACTCTAATAAATTTGGCTTGTGTTTTATCTTAGCCACCACACTGTTCTTTCTGTAGCTCAAGAGAGTATCCCTCCATCCCATCTGTTTGCAATGTCCATTATCTTTGTGCTCTTGTTGCAATTCTTTGGGTTCCATATTTTCCTTATTCTCTAAGTCTAGCTGGATTACAGAGTTAAGTTTATAATTATGAAATAAAAAATAAATAACAACTTTGACCACTGGAGAGAAAAGAAGTATTCCTGCTTTCACAGAATTATTCCAGGGGTTTTATGCCAGGGTGGTGACTTCATATGCCATAGTGGTACTGACACAAGTCCATCTACGGGGAGAAATTTGAGGATGAGAACTTCATCCTGACACATACAGGTCCTGGCATCTTGTCCATGGCAAATTCTGAACCCAACATCAACAGTTCCAGTCTATCATCTGCACAGCTGGGCCTGAGTGGTTGGATGGCAAGCATGTGGTTTTTTGGCAAGGTAAAGACAGAAGGAATATCTTGGAAGGCACAGAGTGCTTTGGGTCCAGAAATGGCAAGACCAACAAGAAGATCGCCATTGCTAACTGTGGACAACTCTAATAAATTTGGCTTGTGTTTTATCTTAGCCACCACACTGTTCTTTCTGTAGCTCAAGAGAGTATCCCTCCATCCCATCTGTTTGCAATGTCCATTATCTTTGTGCTCTTGTTGCAATTCTTTGGGTTCCATATTTTCCTTATTCTCTAAGTCTAGCTGGATTACAGAGTTAAGTTTATAATTATGAAATAAAAAATAAATAACAACTTTGACCACTGGAGAGAAAAGAAGTATTCCTGCTTTCACAGAATTATTCCAGGGGTTTTATGCCAGGGTGGTGACTTCATATGCCATAGTGGTACTGACACAAGTCCATCTACGGGGAGAAATTTGAGGATGAGAACTTCATCCTGACACATACAGGTCCTGGCATCTTGTCCATGGCAAATTCTGAACCCAACATCAACAGTTCCAGTCTATCATCTGCACAGCTGGGCCTGAGTGGTTGGATGGCAAGCATGTGGTTTTTTGGCAAGGTAAAGACAGAAGGAATATCTTGGAAGGCACAGAGTGCTTTGGGTCCAGAAATGGCAAGACCAACAAGAAGATCGCCATTGCTAACTGTGGACAACTCTAATAAATTTGGCTTGTGTTTTATCTTAGCCACCACACTGTTCTTTCTGTAGCTCAAGAGAGTATCCCTCCATCCCATCTGTTTGCAATGTCCATTATCTTTGTGCTCTTGTTGCAATTCTTTGGGTTCCATATTTTCCTTATTCTCTAAGTCTAGCTGGATTACAGAGTTAAGTTTATAATTATGAAATAAAAAATAAATAACAACTTTGACCACTGGAGAGAAAAGAAGTATTCCTGCTTTCACAGAATTATTCCAGGGGTTTTATGCCAGGGTGGTGACTTCATATGCCATAGTGGTACTGACACAAGTCCATCTACGGGGAGAAATTTGAGGATGAGAACTTCATCCTGACACATACAGGTCCTGGCATCTTGTCCATGGCAAATTCTGAACCCAACATCAACAGTTCCAGTCTATCATCTGCACAGCTGGGCCTGAGTGGTTGGATGGCAAGCATGTGGTTTTTTGGCAAGGTAAAGACAGAAGGAATATCTTGGAAGGCACAGAGTGCTTTGGGTCCAGAAATGGCAAGACCAACAAGAAGATCGCCATTGCTAACTGTGGACAACTCTAATAAATTTGGCTTGTGTTTTATCTTAGCCACCACACTGTTCTTTCTGTAGCTCAAGAGAGTATCCCTCCATCCCATCTGTTTGCAATGTCCATTATCTTTGTGCTCTTGTTGCAATTCTTTGGGTTCCATATTTTCCTTATTCTCTAAGTCTAGCTGGATTACAGAGTTAAGTTTATAATTATGAAATAAAAAATAAATAACAACTTTGACCACTGGAGAGAAAAGAAGTATTCCTGCTTTCACAGAATTATTCCAGGGGTTTTATGCCAGGGTGGTGACTTCATATGCCATAGTGGTACTGACACAAGTCCATCTACGGGGAGAAATTTGAGGATGAGAACTTCATCCTGACACATACAGGTCCTGGCATCTTGTCCATGGCAAATTCTGAACCCAACATCAACAGTTCCAGTCTATCATCTGCACAGCTGGGCCTGAGTGGTTGGATGGCAAGCATGTGGTTTTTTGGCAAGGTAAAGACAGAAGGAATATCTTGGAAGGCACAGAGTGCTTTGGGTCCAGAAATGGCAAGACCAACAAGAAGATCGCCATTGCTAACTGTGGACAACTCTAATAAATTTGGCTTGTGTTTTATCTTAGCCACCACACTGTTCTTTCTGTAGCTCAAGAGAGTATCCCTCCATCCCATCTGTTTGCAATGTCCATTATCTTTGTGCTCTTGTTGCAATTCTTTGGGTTCCATATTTTCCTTATTCTCTAAGTCTAGCTGGATTACAGAGTTAAGTTTATAATTATGAAATAAAAAATAAATAACAACTTTGACCACTGGAGAGAAAAGAAGTATTCCTGCTTTCACAGAATTATTCCAGGGGTTTTATGCCAGGGTGGTGACTTCATATGCCATAGTGGTACTGACACAAGTCCATCTACGGGGAGAAATTTGAGGATGAGAACTTCATCCTGACACATACAGGTCCTGGCATCTTGTCCATGGCAAATTCTGAACCCAACATCAACAGTTCCAGTCTATCATCTGCACAGCTGGGCCTGAGTGGTTGGATGGCAAGCATGTGGTTTTTTGGCAAGGTGGAGCTCCAAGGAATATCTTGGAAGGCCAGAGTGCTTTGGGTCCAGAAATGGGGAGCTCCACAAGAAGATCGCCGGAGCTCCCTGTGGACAACTCTAATAAATTTGGCTTGTGTTTTATCTTAGCCAGGAGCTCCTTCTTTCTGTAGCTCAAGAGAGTATCCCTCCATCCCATCTGTTTGCAATGTCCATTATCTTTGTGCTCTTGTTGCAATTCTTTGGGTTCCATATTTTCCTTATTCTCTAAGTCTAGCTGGATTACAGAGTTAAGTTTATAATTATGAAATAAAAAATAAATAACAACTTTGACCACTGGAGAGAAAAGAAGTATTCCTGCTTTCACAGAATTATTCCAGGGGTTTTATGCCAGGGTGGTGACTTCATATGCCATAGTGGTACTGACACAAGTCCATCTACGGGGAGAAATTTGAGGATGAGAACTTCATCCTGACACATGGAGCTCCTGGCATCTTGTCCATGGCAAATTCTGAACCCAACATCAACAGTTCCAGTCTATCATCTGCACAGCTGGGCCTGAGTGGTTGGATGGCAAGCATGTGGTTTTTTGGCAAGGTAAAGACAGAAGGAATATCTTGGAAGGCACAGAGTGCTTTGGGTCCAGAAATGGCAAGACCGGAGCTCCGATCGCCATTGCTAACTGTGGACAACTCTAATAAATTTGGCTTGTGTTTTATCTTAGCCACCACACTGTTCTTTCTGTAGCTCAAGAGAGTATCCCTCCATCCCATCTGTTTGCAATGTCCATTATCTTTGTGCTCTTGTTGCAATTCTTTGGGTTCCATATTTTCCTTATTCTCTAAGTCTAGCTGGATTACAGAGTTAAGTTTATAATTATGAAATAAAAAATAAATAACAACTTTGACCACTGGAGAGAAAAGAAGTATTCCTGCTTTCACAGAATTATTCCAGGGGTTTTATGCCAGGGTGGTGACTTCATATGCCATAGTGGTACTGACACAAGTCCATCTACGGGGAGAAATTTGAGGATGAGAACTTCATCCTGACACATACAGGTCCTGGCATCTTGTCCATGGCAAATTCTGAACCCAACATCAACAGTTCCAGTCTATCATCTGCACAGCTGGGCCTGAGTGGTTGGATGGCAAGCATGTGGTTTTTTGGCAAGGTAAAGACAGAAGGAATATCTTGGAAGGCACAGAGTGCTTTGGGTCCAGAAATGGCAAGACCAACAAGAAGATCGCCATTGCTAACTGTGGACAACTCTAATAAATTTGGCTTGTGTTTTATCTTAGCCACCACACTGTTCTTTCTGTAGCTCAAGAGAGTATCCCTCCATCCCATCTGTTTGCAATGTCCATTATCTTTGTGCTCTTGTTGCAATTCTTTGGGTTCCATATTTTCCTTATTCTCTAAGTCTAGCTGGATTACAGAGTTAAGTTTATAATTATGAAATAAAAAATAAATAACAAAAGTGGAAGTGTAGGTGACGGTCTGAGACATCACCACCAACCTGGGCACTGGGGAGATGGCCAAGACTGACCCCAAGACCTTGCAGGACCTCACCTCGGTGGTGTAGACACCCCTGCAGCAGATGCAAGATAAATTTCAGACTATGACCAGATAATTGGGAGAATTGATGATATGAGTAGTCACATTGATGATCTGGAGAAGAACATCACAGACCCCATGACACAGGCTGGGCTGGAAGAACTGGAAGGTGAAAACAAGATACCTGCCACACAAAAGAGTTGAGGGTTGCTAATAATTTATATAATGGAATCTGGAACATCATTTTTCTGAGCCAAGAGAAGACTGAATGGCTTTTTTCAGCTAACTACTGTGTGTAGACAGGTTTTATATTATAAAGTGTGCATTCTTATCACATACTATATAGTTAGTTTATAAAGGTTTATCCCCAAGTGGAAGTGTAGGTGACGGTCTGAGACATCACCACCAACCTGGGCACTGGGGAGATGGCCAAGACTGACCCCAAGACCTTGCAGGACCTCACCTCGGTGGTGTAGACACCCCTGCAGCAGATGCAAGATAAATTTCAGACTATGACCAGATAATTGGGAGAATTGATGATATGAGTAGTCACATTGATGATCTGGACCTCAGCATCACAGACCCCATGACACAGGCTGGGCTGGAAGAGCTGAGGGGTGAAAACAAGATACCCTCAGCACAAAAGAGTTGAGGGTTGCTAATAATTTATATAATGGAATCTGGAACATCATTTTTCTGAGCCAAGAGAAGACTGAATGGCTTTTTTCAGCTAACTACGCTGAGGAGACAGGTTTTATATTATAAAGTGTGCATTCTTATCACATACTATATAGTTAGTTTATAAAGGTTTATCCCCCAGTTTCCCTCAGCTGGTATCTTCACATCTTG GACCTTGGTCAGTTGTACTATTAATTATTAAAAACTAAAACTTTGGCAGTTCCTGCATAAGTGGAAGTGTAGGTGACGGTCGCTGAGGTCACCACCAACCTGGGCCTCAGCGAGATGGCCAAGACTGACCCCAAGACCTTGCAGGAGCTGAGGTCGGTGGTGTAGACACCCCTGCAGCAGATGCAAGATAAATTTCAGACTATGACCAGATAATTGGGAGAATTGATGATATGAGTAGTCACATTGATGATCTGGAGAAGAACATCACAGACCCCATGACACAGGCTGGGCTGGAAGAACTGGAAGGTGAAAACAAGATACCTGCCACACAAAAGAGTTGAGGGTTGCTAATAATTTATATAATGGAATCTGGAACATCATTTTTCTGAGCCAAGAGAAGACTGAATGGCTTTTTTCAGCTAACTACTGTGTGTAGACAGGTTTTATATTATAAAGTGTGCATTCTTATCACATACTATATAGTTAGTTTATAAAGGTTTATCCCCCAGTTTCTTGAATGTGGTATCTTCACATCTTGGACCTTGGTCAGTTGTACTATTAATTATTAAAAACTAAAACTTTGGCAGTTCCTGCATAAGTGGAAGTGTAGGTGACGGTCTGAGACATCACCACCAACCTGGGCACTGGGGAGATGGCCAAGACTGACCCCAAGACCTTGCAGGACCTCACCTCGGTGGTGTAGACACCCCTGCAGCAGATGCAAGATAAATTTCAGACTATGACCAGATAATTGGGAGAATTGATGATATGAGTAGTCACATTGATGATCTGGAGAAGAACATCACAGACCCCATGACACAGGCTGGGCTGGAAGAACTGGAAGGTGAAAACAAGATACCTGCCACACAAAAGAGTTGAGG
NC_000014.9_(10001-17612),GTTGCTAATAATTTATATAATGGAATCTGGAACATCATTTTTCTGAGCCAAGAGAAGACTGAATGGCTTTTTTCAGCTAACTACTGTGTGTAGACAGGTTTTATATTATAAAGTGTGCATTCTTATCACATACTATATAGTTAGTTTATAAAGGTTTATCCCCCAGTTTCTTGAATGTGGTATCTTCACATCTTGGACCTTGGTCAGTTGTACTATTAATTATTAAAAACTAAAACTTTGGCAGTTCCTGCATAAGTGGAAGTGTAGGTGACGGTCTGAGACATCACCACCAACCTGGGCACTGGGGAGATGGCCAAGACTGACCCCAAGACCTTGCAGGAGGAGCTCCCGGTGGTGTAGAGGAGCTCCCAGCAGATGCAAGATAAATTTCAGACTATGACCAGATAATTGGGAGGAGCTCCGATATGAGTAGTCACATTGATGATCTGGAGAAGAACATCACAGACCCCATGACACAGGCTGGGCTGGAAGAACTGGAAGGTGAAAACAAGATACCTGCCACACAAAAGAGTTGAGGGTTGCTAATAATTTATATAATGGAATCTGGAACATCATTTTTCTGAGCCAAGAGAAGACTGAATGGCTTTTTTCAGCTAACTACTGTGTGTAGACAGGTTTTATATTATAAAGTGTGCATTCTTATCACATACTATATAGTTAGTTTATAAAGGAGCTCCCCCCAGTTTCTTGAATGTGGTATCTTCACATCTTGGACCTTGGTCAGTTGTACTATTAATTATTAAAAACTAAAACTTTGGCAGTTCCTGCATAAGTGGAAGTGTAGGTGACGGTCTGAGACATCACCACCAACCTGGGCACTGGGGAGATGGCCAAGACTGACCCCAAGACCTTGCAGGACCTCACCTCGGTGGTGTAGACACCCCTGCAGCAGATGCAAGATAAATTTCAGACTATGACCAGATAATTGGGAGAATTGATGATATGAGTAGTCACATTGATGATCTGGAGAAGAACATCACAGACCCCATGACACAGGCTGGGCTGGAAGAACTGGAAGGTGAAAACAAGATACCTGCCACACAAAAGAGTTGAGGGTTGCTAATAATTTATATAATGGAATCTGGAACATCATTTTTCTGAGCCAAGAGAAGACTGAATGGCTTTTTTCAGCTAACTACTGTGTGTAGACAGGTTTTATATTATAAAGTGTGCATTCTTATCACATACTATATAGTTAGTTTATAAAGGTTTATCCCCCAGTTTCTTGAATGTGGTATCTTCACATCTTGGACCTTGGTCAGTTGTACTATTAATTATTAAAAACTAAAACTTTGGCAGTTCCTGCATAAGTGGAAGTGTAGGTGACGGTCTGAGACATCACCACCAACCTGGGCACTGGGGAGATGGCCAAGACTGACCCCAAGACCTTGCAGGACCTCACCTCGGTGGTGTAGACACCCCTGCAGCAGATGCAAGATAAATTTCAGACTATGACCAGATAATTGGGAGAATTGATGATATGAGTAGTCACATTGATGATCTGGAGAAGAACATCACAGACCCCATGACACAGGCTGGGCTGGAAGAACTGGAAGGTGAAAACAAGATACCTGCCACACAAAAGAGTTGAGGGTTGCTAATAATTTATATAATGGAATCTGGAACATCATTTTTCTGAGCCAAGAGAAGACTGAATGGCTTTTTTCAGCTAACTACTGTGTGTAGACAGGTTTTATATTATAAAGTGTGCATTCTTATCACATACTATATAGTTAGTTTATAAAGGTTTATCCCCCAGTTTCTTGGGAGCTCCATCTTCACATCTGGAGCTCCGGTCAGTTGTACTATTAATTATTAAAAACTAAAACTTTGGCAGTTGGAGCTCCCAGTGGAAGTGTAGGTGACGGTCTGAGACATCACCACCAACCTGGGCACTGGGGAGATGGCCAAGACTGACCCCAAGACCTTGCAGGACCTCACCTCGGTGGTGTAGACACCCCTGCAGCAGATGCAAGATAAATTTCAGACTATGACCAGATAATTGGGAGAATTGATGATATGAGTAGTCACATTGATGATCTGGAGAAGAACATCACAGACCCCATGACACAGGCTGGGCTGGAAGAACTGGAAGGTGAAAACAAGATACCTGCCACACAAAAGAGTTGAGGGTTGCTAATAATTTATATAATGGAATCTGGAACATCATTTTTCTGAGCCAAGAGAAGGGAGCTCCGCTTTTTTCAGCTAACTACTGTGTGTAGACAGGTTTTATATTATAGGAGCTCCATTCTTATCACAGGAGCTCCAGTTAGTTTATAAAGGTTTATCCCCCAGTTTCTTGAATGTGGTATCTTCACATCTTGGACCTTGGTCAGTTGTACTATTAATTATTAAAAACTAAAACTTTGGCAGTTCCTGCATAAGTGGAAGTGTAGGTGACGGTCTGAGACATCACCACCAACCTGGGCACTGGGGAGATGGCCAAGACTGACCCCAAGACCTTGCAGGACCTCACCTCGGTGGTGTAGACACCCCTGCAGCAGATGCAAGATAAATTTCAGACTATGACCAGATAATTGGGAGAATTGATGATATGAGTAGTCACATTGATGATCTGGAGAAGAACATCACAGACCCCATGACACAGGCTGGGCTGGAAGAACTGGAAGGTGAAAACAAGATACCTGCCACACAAAAGAGTTGAGGGTTGCTAATAATTTATATAATGGAATCTGGAACATCATTTTTCTGAGCCAAGAGAAGACTGAATGGCTTTTTTCAGCTAACTACTGTGTGTAGACAGGTTTTATATTATAAAGTGTGCATTCTTATCACATACTATATAGTTAGTTTATAAAGGTTTATCCCCCAGTTTCTTGAATGTGGTATCTTCACATCTTGGACCTTGGTCAGTTGTACTATTAATTATTAAAAACTAAAACTTTGGCAGTTCCTGCATGGTTGGCTCTCTAGACAGAGTTGAGTGTCCTGAGAGGTCAGAATGCCGTCTCTAGAGGCTCATGAACATGGACGTCTAGAAATGGAACTTCCAGATTATAAACAATGGAAGATAGTCTAGACACCATTAGAAACTGTCAAGAAGAAGTTGGCTGCGCAAGGGCTAAGGGATCCATGGGGTCAAGGTGAAGCTTGGAGATACATGGGTGGCTTTGCAAATAGTGGTTCCTTTATTGGTGCATTATTAAAAGGATTCAAGTGGGGATTTGCTGCATTTGTGGGAGCTGTAGGAGCTGAATATTATCTGGAGTCCCTGAATAAAGATAAGGGTTGGCTCCGGTTGCAGAGTTGAGTGTCCTGAGAGGTCAGAATGCCGTCAGACATGGCTCATGAACATGGACGTAGTAAAATGGAACTTCCAGATTATAAACAATGGAAGATAGAAGGGACACCATTAGAAACTGTCAAGAAGAAGTTGGCTGCGCAAGGGCTAAGGGATCCATGGGGTCAAGGTGAAGCTTGGAGATACATGGGTGGCTTTGCAAATAGTGGTTCCTTTATTGGTGCATTATTAAAAGGATTCAAGTGGGGATTTGCTGCATTTGTGGGAGCTGTAGGAGCTGAATATTATCTGGAGTCCCTGAATAAAGATAAGAAGCATCACTGAGGATAATACCTGGAAGTACCATAGTGGTTTCTTAACTCTTCAGAATAAGATTTCTTCACTGTAGCCTACTTGTCTGGCTTGTCCCTTAAAGAATATTAGTAAGATTTAATAAAGTAAAATAATGTATATGCAAAGGTTGGCTCCGGTTGCAGAGTTGAGTGTCCTGAGAGGTCAGAATGCCGTCAGACATGGCTCATGAACATGGACGTAGTAAAATGGAACTTCCAGATTATAAACAATGGAAGATAGAAGGGACACCATTAGAAACTGTCAAGAAGAAGTTGGCTGCGCAAGGGCTAAGGGATCCATGGGGTCAAGGTGAAGCTTGGAGATACATGGGTGGCTTTGCAAATAGTGGTTCCTTTATTGGTGCATTATTAAAAGGATTCAAGTGGGGATTTGCTGCATTTGTGGGAGCTGTAGGAGCTGAATATTATCTGGAGTCCCTGAATAAAGATAAGAAGCATCACTGAGGATAATACCTGGAAGTACCATAGTGGTTTCTTAACTCTTCAGAATAAGATTTCTTCACTGTTCTAGACTTGTCTGGCTTGTCCCTTAAAGAATATTAGTAAGATTTAATAAAGTAAAATAATGTATATGCAAAGGTTGGCTCCGGTTGCAGAGTTGAGTGTCCTGAGAGGTCAGAATGCCGTCAGACATGGCTCATGAACATGGACGTAGTAAAATGGAACTTCCAGATTTCTAGAAATGGAAGATAGAAGGGATCTAGATAGAAACTGTCAAGAAGAAGTTGGCTGCGCAAGGGTCTAGAGATCCATGGGGTCAAGGTGAAGCTTGGAGATACATGGGTGGCTTTGCAAATAGTGGTTCCTTTATTGGTGCATTATTAAAAGGATTCAAGTGGGGATTTGCTGCATTTGTGGGAGCTGTAGGAGCTGAATATTATCTGGAGTCCCTGAATAAAGATAAGAAGCATCACTGAGGATAATACCTGGAAGTACCATAGTGGTTTCTTAACTCTTCAGAATAAGATTTCTTCACTGTAGCCTACTTGTCTGGCTTGTCCCTTAAAGAATATTAGTAAGATTTAATAAAGTAAAATAATGTATATGCAAAGGTTGGCTCCGGTTGCAGAGTTGAGTGTCCTGAGAGGTCAGAATGCCGTCAGACATGGCTCATGAACATGGACGTAGTAAAATGGAACTTCCAGATTATAAACAATGGAAGATAGAAGGGACACCATTAGAAACTGTCAAGAAGAAGTTGGCTGCGCAAGGGCTAAGGGATCCATGGGGTCAAGGTGAAGCTTGGAGATACATGGGTGGCTTTGCAAATAGTGGTTCCTTTATTGGTGCATTATTAAAAGGATTCAAGTGGGGATTTGCTGCATTTGTGGGAGCTGTAGGAGCTGAATATTATCTGGAGTCCCTGAATAAAGATAAGAAGCATCACTGAGGATAATACCTGGAAGTACCATAGTCCTCAGCTAACTCTTCAGAATGCTGAGGCTTCACTGTAGCCTACTTGTCTGGCTTGTCCCTTAAAGAATATTAGTAAGATTTAATAAAGTAAAATAATGTATATGCAAAGGTTGGCTCCGGTTGCAGAGTTGAGTGTCCTGAGAGGTCAGAATGCCGTCAGACATGGCTCATGAACATGGACGTAGTAAAATGGAACTTCCAGATTATAAACAATGGAAGATAGAAGGGACACCATTAGAAACTGTCAAGAAGAAGTTGGCTGCGCAAGGGCTAAGGGATCCATGGCCTCAGCGTGAAGCTTGGAGATACATGGGTGGCTTTGCAAATAGTGGTTCCTTTATTGGTGCATTATTAAAAGGATTCAAGTGGGGATTTGCTGCATTTGTGGGAGCTGTAGGAGCTGAATATTATCTGGAGTCCCTGAATAAAGATAAGAAGCATCACTGAGGATAATACCTGGAAGTACCATAGTGGTTTCTTAACTCTTCAGAATAAGATTTCTTCACTGTAGCCTACTTGTCTGGCTTGTCCCTTAAAGAATATTAGTAAGATTTAATAAAGTAAGCTGAGGTATATGCAAAGGTTGGCTCCGGTTGCAGAGTTGAGTGTCCTGAGAGGTCAGAATGCCGTCAGACATGGCT  CATGAACATGGACGTAGTAAAATGGAACTTCCAGATTATAAACAATGGAAGATAGAAGGGACACCATTAGAAACTGTCAAGAAGAAGTTGGCTGCGCAAGGGCTAAGGGATCCATGGGGTCAAGGTGAAGCTTGGAGATACATGGGTGGCTTTGCAAATAGTGGTTCCTTTATTGGTGCATTATTAAAAGGATTCAAGTGGGGATTTGCTGCATTTGTGGGAGCTGTAGGAGCTGAATATTATCTGGAGTCCCTGAATAAAGATAAGAAGCATCACTGAGGATAATACCTGGAAGTACCATAGTCCTCAGCTAACTCTTCAGAATAAGATTTCTTCACTGTAGCCTACTTGTCTGGCTTGTCCCTTAAAGAATATTAGTAAGATTTAATAAAGTAAAATAATGTATATGCAAAGGTTGGCTCCGGTTGCAGAGTTGAGTGTCCTGAGAGGTCAGAGCTGAGGCAGACATGGCTCATGAACATGGACGTAGTAAAATGCCTCAGCCAGATTATAAACAAGCTGAGGTAGAAGGGACACCATTAGAAACTGTCAAGAAGAAGTTGGCTGCGCAAGGGCTAAGGGATCCATGGGGTCAAGGTGAAGCTTGGAGATACATGGGTGGCTTTGCAAATAGTGGTTCCTTTATTGGTGCATTATTAAAAGGATTCAAGTGGGGATTTGCTGCATTTGTGGGAGCTGTAGGAGCTGAATATTATCTGGAGTCCCTGAATAAAGATAAGAAGCATCACTGAGGATAATACCTGGAAGTACCATAGTGGTTTCTTAACTCTTCAGAATAAGATTTCTTCACTGTAGCCTACTTGTCTGGCTTGTCCCTTAAAGAATATTAGTAAGATTTAATAAAGTAAAATAATGTATATGCAAAGGTTGGCTCCGGTTGCAGAGTTGAGTGTCCTGAGAGGTCAGAATGCCGTCAGACATGGCTCATGAACATGGACGTAGTAAAATGGAACTTCCAGATTATAAACAATGGAAGATAGAAGGGACACCATTAGAAACTGTCAAGAAGAAGTTGGCTGCGCAAGGGCTAAGGGATCCATGGGGTCAAGGTGAAGCTTGGAGATACATGGGTGGCTTTGCAAATAGTGGTTCCTTTATTGGTGCATTATTAAAAGGATTCAAGTGGGGATTTGCTGCATTTGTGGGAGCTGTAGGAGCTGAATATTATCTGGAGTCCCTGAATAAAGATAAGAAGCATCACTGAGGATAATACCTGGAAGTACCATAGTGGTTTCTTAACTCTTCAGAATAAGATTTCTTCACTGTAGCCTACTTGTCTGGCTTGTCCCTTAAAGAATATTAGTAAGATTTAATAAAGTAAAATAATGTATATGCAAAGGTTGGCTCCGGTTGCAGAGTTGAGTGTCCTGAGAGGTCAGAATGCCGTCAGACATGGCTCATGAACATGGACGTAGTAAAATGGAACTTCCAGATTATAAACAATGGAAGATAGAAGGGACACCATTAGAAACTGTCAAGAAGAAGTTGGCTGCGCAAGGGCTAAGGGATCCATGGGGTCAAGGTGAAGCTTGGAGATACATGGGTGGCTTTGCAAATAGTGGTTCCTTTATTGGTGCATTATTAAAAGGATTCAAGTGGGGATTTGCTGCATTTGTGGGAGCTGTAGGAGCTGAATATTATCTGGAGTCCCTGAATAAAGATAAGAAGCATCACTGAGGATAATACCTGGAAGTACCATAGTGGTTTCTTAACTCTTCAGAATAAGATTTCTTCACTGTAGCCTACTTGTCTGGCTTGTCCCTTAAAGAATATTAGTAAGATTTAATAAAGTAAAATAATGTATATGCAAAAAGTGGAAGTGTAGGTGACGGTCTGAGACATCACCACCAACCTGGGCACTGGGGAGATGGCCAAGACTGACCCCAAGACCTT
